Name,Age,City,agenew
Patricia Skinner,46.0,Veronicaton,46.0
Russell Foster,23.0,Sancheztown,23.0
Zachary Fowler,44.0,Alberttown,44.0
Wendy Craig,51.0,Aprilmouth,51.0
Susan Richard,,Port Jeffrey,39.29689067201605
Brian Lee,53.0,Melissafort,53.0
Mary Lam,52.0,Alexanderland,52.0
Monica Colon,22.0,Port Mary,22.0
Destiny Davis,40.0,East Laurieton,40.0
Brian Henderson,,Blairberg,39.29689067201605
Joshua Munoz,27.0,Hopkinsport,27.0
Brenda Shaw,28.0,West Michaela,28.0
,44.0,Ericachester,44.0
Marcus Riggs,46.0,Mullinsmouth,46.0
Ashley Leach,52.0,West Maryside,52.0
Sarah Adkins,46.0,Port Jillton,46.0
Zachary Mccormick,,South Carolyn,39.29689067201605
Janice Donovan,30.0,Morganchester,30.0
Evan Holden,44.0,Westmouth,44.0
Daniel Mcguire,45.0,Kochville,45.0
Victor Rivera,55.0,North Carloshaven,55.0
Beth Wood,21.0,Parkchester,21.0
Megan Smith,20.0,East Joshua,20.0
Taylor Mclean,28.0,South Jade,28.0
Katherine Nunez,20.0,Mannborough,20.0
Tracy Foster,55.0,Stewartfurt,55.0
Herbert Jackson,48.0,Kimberlystad,48.0
James Dougherty,36.0,Michaelchester,36.0
Karen Grant,48.0,Johnsonport,48.0
Katherine Matthews,52.0,Hermanton,52.0
Louis Fisher,27.0,South Sarahborough,27.0
Brian Gibbs,27.0,North Brittanyberg,27.0
Jasmine Adams,35.0,New John,35.0
Dr. Jason Mclean Jr.,27.0,Port Johnmouth,27.0
Margaret Taylor,19.0,New Micheal,19.0
Christopher Lee,39.0,Port Heather,39.0
Daniel Burnett,41.0,East Susanmouth,41.0
Anthony Leonard,47.0,New Stephanie,47.0
Kyle James,54.0,Port Rebecca,54.0
Brittney Campbell,57.0,North Alicebury,57.0
Bruce Davis,55.0,North Stephanie,55.0
Donald Juarez,20.0,East Ernestview,20.0
Theresa Davenport,32.0,Grahamberg,32.0
Natasha Duncan,27.0,Stephaniefort,27.0
Donald Brennan,56.0,West Ronnie,56.0
Sandy Cole,45.0,Haasmouth,45.0
Scott Short,30.0,Melindaville,30.0
Darin Goodwin,41.0,Griffinport,41.0
George Sawyer,21.0,South Carlosville,21.0
Madison Good,37.0,Tammymouth,37.0
Patricia Petersen,40.0,Lake Sheila,40.0
Brandon Byrd,38.0,Michaelberg,38.0
Alexandria Flores,33.0,Port Davidfort,33.0
Tom Adams,35.0,Hernandezberg,35.0
Kimberly Curry,49.0,Dunnfort,49.0
Daniel Murray,54.0,Thorntonport,54.0
Matthew Cruz,31.0,Gonzalezton,31.0
Robert Brown,58.0,East Bruce,58.0
Susan Arroyo,26.0,Douglasbury,26.0
Carmen Harris,40.0,Jonesmouth,40.0
Corey Long,19.0,Port Brandyton,19.0
Jennifer Rivera,37.0,Nelsonshire,37.0
Bonnie Roberts,25.0,North Brookeview,25.0
Jennifer Vasquez,26.0,East Pamela,26.0
James Rivera,22.0,West Jerrychester,22.0
John Bryant,55.0,Schmidtburgh,55.0
Danielle Haney,43.0,Cameronville,43.0
Stacie Schultz,19.0,Mitchellberg,19.0
Ashley Guzman,58.0,Chapmanshire,58.0
Kayla Pacheco,47.0,Lake Karen,47.0
Ana Mccall,32.0,Lake Selenastad,32.0
Johnny Gonzalez,60.0,East Marymouth,60.0
Christian Smith,53.0,Justinbury,53.0
Victoria Gordon,22.0,Johnsborough,22.0
Sonya Kane DVM,37.0,New Jasmineshire,37.0
Chad Griffith,57.0,Port Kathleen,57.0
Sarah Wilson,34.0,Richardland,34.0
Joshua Williams,19.0,Anthonyport,19.0
Sean Mueller,34.0,Christineburgh,34.0
Nancy Smith,45.0,West Catherineburgh,45.0
Gabriel Hubbard,45.0,Lake Christopher,45.0
Debra Rodriguez,31.0,Lake Dennisstad,31.0
Jason Arias,39.0,West Vanessashire,39.0
Brian Tucker,60.0,Annefort,60.0
Ryan Smith,54.0,New Cynthialand,54.0
Michael Baldwin,36.0,Susanborough,36.0
Leslie Thomas,25.0,South Loritown,25.0
John Berry,34.0,Montgomeryburgh,34.0
Chelsea Allen,52.0,North Courtneyfort,52.0
Matthew Perez,18.0,Kerrchester,18.0
Kimberly Edwards,44.0,New Tinaborough,44.0
Sarah Hunter,40.0,North Laurastad,40.0
Laura Jones,27.0,Youngside,27.0
Kristin Carpenter,59.0,South Aaron,59.0
Alfred Velez,51.0,Port Susan,51.0
Thomas Rodriguez,31.0,Richmondtown,31.0
Michael Morrow,36.0,Taylorberg,36.0
Dr. Vanessa Gentry,56.0,Jonathanfort,56.0
Donald Liu,53.0,Port Jessica,53.0
Joseph Andrews,21.0,West Jacquelinemouth,21.0
Robert Morris,48.0,Robertfort,48.0
John Wright,47.0,New Jennifer,47.0
William Craig,19.0,Stephanieview,19.0
Edwin Galvan,51.0,North Daniel,51.0
Vincent Edwards,19.0,Garyhaven,19.0
Steven Robinson,59.0,North Michaelmouth,59.0
Victor Mcintosh,55.0,Lake Rose,55.0
Anthony Smith,37.0,East Roberthaven,37.0
Brianna Garcia,45.0,Mcgeeberg,45.0
Derrick Lewis,41.0,Michaelshire,41.0
Stephen Frey,53.0,Cainport,53.0
Charlene Barron,54.0,Lake Michaeltown,54.0
Michael Powell,59.0,Danielmouth,59.0
Betty Wright,26.0,Rodriguezton,26.0
Wesley Barnett,54.0,Douglasstad,54.0
Rebecca Morris,52.0,North Aaron,52.0
Micheal Smith,52.0,Barrstad,52.0
Mason Walter,29.0,Port James,29.0
Madison Carter,29.0,Timothyville,29.0
Jason Pittman,28.0,Edwardfurt,28.0
Sharon Stokes,18.0,Villafort,18.0
Brent Willis,60.0,Aliciafort,60.0
Savannah Rodriguez,52.0,Huangborough,52.0
Kristina Hernandez,24.0,East Christinaberg,24.0
Jacob Spencer,51.0,Gardnerberg,51.0
Lawrence Morgan,20.0,West Jeremy,20.0
Amy Calderon,46.0,Rodriguezstad,46.0
Dana Pruitt,40.0,North Joshuachester,40.0
Christine Lynch,55.0,Karinaville,55.0
Charles Johnson,35.0,Lake Markberg,35.0
Michelle Manning,28.0,Michaelfurt,28.0
Anthony Clements,52.0,New Jennifer,52.0
John Preston,44.0,South Jessicahaven,44.0
Jennifer Herrera,36.0,Lewisberg,36.0
Jacob Davis,30.0,Simpsonborough,30.0
Melissa Hernandez,29.0,South Jamesport,29.0
Anna Cooke,48.0,Kennedyville,48.0
Anthony Meyers,29.0,Rodriguezmouth,29.0
Angela Klein,28.0,South Cynthiaville,28.0
Cindy Aguilar,55.0,Davenportfurt,55.0
Gregory Torres,19.0,Jillland,19.0
Roy Jacobs,25.0,Hayesburgh,25.0
Stacy French,51.0,Lake Mary,51.0
Zachary Martin,49.0,Nicoleville,49.0
Monica Silva,18.0,Brandyland,18.0
Alex Garrett,52.0,New Alex,52.0
Eric Garcia,52.0,West Matthew,52.0
Katherine Jensen,24.0,Port Jeremyton,24.0
Sarah Chambers,18.0,South Stephenbury,18.0
Brianna Martin,55.0,Port Susanshire,55.0
John Allen,19.0,Reedhaven,19.0
Allison Sanford,25.0,West Evelyn,25.0
Tyler Allen,51.0,Williamshaven,51.0
Brian Powers,26.0,East Leonardville,26.0
Norman Cunningham,33.0,Lake Dustinstad,33.0
Timothy Davis,33.0,Tracitown,33.0
Joseph Ferguson,25.0,Sethmouth,25.0
Garrett Martinez,34.0,Chenfort,34.0
Kendra Daniels MD,20.0,South Alexandra,20.0
Bonnie Reyes,36.0,Allenmouth,36.0
Hannah Lopez,31.0,Wilsonview,31.0
Ryan Powell,24.0,Davidmouth,24.0
Steven Kelley,37.0,Elizabethfort,37.0
Dylan Gill,46.0,Debraview,46.0
Sandra Lane,42.0,Alishaton,42.0
Carol Sweeney,51.0,Port Kaitlyn,51.0
Craig Rios,44.0,Elizabethbury,44.0
John Thompson,31.0,South Madison,31.0
James Turner,28.0,Bryanttown,28.0
Brandon Collier,42.0,Christopherville,42.0
Juan Stephens,33.0,North Christine,33.0
Mrs. Janet Huerta,40.0,East Michael,40.0
Megan Moran,43.0,Jonathanmouth,43.0
Michelle Olson,34.0,North Carolinemouth,34.0
Zachary Carter,30.0,Laurenmouth,30.0
Sarah Riley,55.0,Kimberlyton,55.0
Joseph Taylor,28.0,Penaberg,28.0
Jessica Sparks,49.0,Port Robertside,49.0
Mary Willis,45.0,Madisonhaven,45.0
Stephanie Thornton,47.0,South Deborahfurt,47.0
Cynthia Porter,45.0,Patriciafurt,45.0
Jeremy Bowen,44.0,East Cesar,44.0
Alexis Bradley,21.0,North Johnshire,21.0
Anthony Ingram,29.0,Jeffreyfort,29.0
Jacqueline Chase,58.0,South Brandy,58.0
Martin Guerrero,38.0,Christopherside,38.0
Johnny Mckinney,36.0,Wendymouth,36.0
Steven Hall,18.0,Johnsonfurt,18.0
Maria Stone,43.0,Stephanieshire,43.0
Nicolas Kelly,56.0,Christinatown,56.0
Nicholas Smith,38.0,Fosterborough,38.0
Shelby Harris,60.0,West Tamara,60.0
Hayley Rodriguez,53.0,East Jessicaview,53.0
John Walter,26.0,Kathyshire,26.0
Mike Randolph,43.0,West Danielton,43.0
Shari Scott,47.0,Thompsontown,47.0
Patrick Payne,41.0,North Abigail,41.0
Lee Perkins,24.0,South Vincent,24.0
Sean Sanders,57.0,Wrightburgh,57.0
Nicholas Hahn,46.0,Lake Alvinland,46.0
Anthony Simmons,53.0,Gregoryfort,53.0
Samantha Anderson,21.0,Richardborough,21.0
Benjamin Gonzales,19.0,East Luke,19.0
Jerry Deleon,35.0,South Christianland,35.0
Justin Wong,45.0,Seanmouth,45.0
Allen Baker,50.0,Shannontown,50.0
Traci Potter,23.0,Daltonberg,23.0
Jennifer Mcgrath,19.0,Moorebury,19.0
Benjamin Ortiz,53.0,Darrellchester,53.0
Thomas Ramirez,50.0,East George,50.0
Todd Fisher,59.0,Ellenland,59.0
Steven Marsh,21.0,East Jill,21.0
Stephen Flores,60.0,Pamelaburgh,60.0
Kenneth Herrera,23.0,Lake Judyville,23.0
Jeremy Nguyen,38.0,Joshuatown,38.0
Elizabeth Smith,21.0,Lake Erinmouth,21.0
Christopher Smith,37.0,Lesterstad,37.0
Richard Montoya,28.0,Craigmouth,28.0
Nicholas Rivas,20.0,New Jason,20.0
Pamela Carter,46.0,Johnsonstad,46.0
Brittany Alexander,44.0,Hectorburgh,44.0
Theresa Rivera,45.0,Christinebury,45.0
Frank Taylor,33.0,Mirandaland,33.0
Eric Miller,37.0,North Aliciafurt,37.0
Manuel Hill,49.0,Lake Denise,49.0
Brian Carpenter,55.0,Hernandezville,55.0
Jesse Larsen,60.0,Harristown,60.0
Catherine Mora,24.0,Morrisberg,24.0
Brandon Lopez,43.0,West Barbara,43.0
James Elliott,23.0,Lake Norma,23.0
Julie Tyler,27.0,Costaburgh,27.0
Gary Hogan,34.0,West Michelle,34.0
Joseph Underwood,34.0,Michaelchester,34.0
James Barnes,51.0,Darlenefurt,51.0
Joanne Murphy,60.0,West Wanda,60.0
Kevin Ward,20.0,West Nicole,20.0
Jennifer Campbell,46.0,Haneyfurt,46.0
Penny Navarro,20.0,Watkinsborough,20.0
Travis Lewis,52.0,Leahstad,52.0
Jeremy Fowler,30.0,South Meredithside,30.0
James Harrington,25.0,West Ashlee,25.0
Terry Cruz,43.0,Christophermouth,43.0
Sherri Alvarez,18.0,East Traci,18.0
Jeffrey Cook,33.0,Evanmouth,33.0
Christopher Matthews,32.0,Gonzalezshire,32.0
Anthony Brooks,31.0,Lucasfort,31.0
Ricky Allen,44.0,Craigshire,44.0
Kimberly Taylor,43.0,Owenstown,43.0
Julia Cox,59.0,New Ashleyborough,59.0
Daniel Jackson,31.0,Lake Carolville,31.0
Jesse Gallegos,55.0,Heidihaven,55.0
Brian Young,20.0,West Jeffrey,20.0
Beth Hobbs,38.0,Jessicaburgh,38.0
Donna Massey,51.0,North Lesliemouth,51.0
Richard Schmidt,18.0,Lake Joshuaville,18.0
Matthew Owens,21.0,Miguelberg,21.0
Richard Perry,29.0,Russellborough,29.0
Olivia Norris,25.0,Danielfurt,25.0
Francisco Lambert,18.0,North Stephen,18.0
Tony Gentry,51.0,South Kathleen,51.0
Danielle Richards,49.0,Port Zachary,49.0
Vanessa Murphy,59.0,Ericfurt,59.0
Sean Cooper,30.0,Shermanview,30.0
Christine Mcknight,33.0,North Tammy,33.0
Sandra Bailey,43.0,Port Christopher,43.0
Patricia Brown,58.0,South Aaronside,58.0
Bailey Long,28.0,Perezport,28.0
Ralph Ray,56.0,New Russell,56.0
Ryan Cruz,22.0,Lake James,22.0
Matthew Morrison,36.0,West Aaron,36.0
Mark Velez,41.0,North Jessica,41.0
Alexander Brown,52.0,Martinezview,52.0
Carl Cox,23.0,Lambertfurt,23.0
David Kelley,48.0,East Meganport,48.0
James Garrison,37.0,West Michael,37.0
Gregory Smith,22.0,Michaelland,22.0
Phyllis Gomez,55.0,New Walter,55.0
William Holland,48.0,Hurleymouth,48.0
Andrew Wilson,50.0,West Luis,50.0
Tonya Dickson,18.0,South Jacquelineburgh,18.0
Shane Ritter,18.0,Port Crystalborough,18.0
Jacob Gilmore,32.0,New Keith,32.0
Lawrence Young,33.0,East Bradshire,33.0
Alexis Galvan,26.0,Johnport,26.0
Nathan Craig,41.0,New Jeremy,41.0
Anthony Adams,45.0,Kinghaven,45.0
Kimberly Thomas,25.0,Dillonberg,25.0
Charles Johnson,32.0,Lake Jimmytown,32.0
Melissa Quinn,47.0,Lake Emily,47.0
Jody Martinez,41.0,South Kim,41.0
Natalie Morgan,47.0,West Deborahport,47.0
Abigail Golden,55.0,Marilynfort,55.0
Susan Green,23.0,Jenkinshaven,23.0
Suzanne Williamson,51.0,Andreastad,51.0
Lauren Navarro,38.0,Joeland,38.0
Shirley Ferguson DDS,47.0,Leville,47.0
Patricia Thomas,36.0,Christopherton,36.0
Elaine Andrews,19.0,Rileyshire,19.0
Kari Wilson,20.0,East Bridgetstad,20.0
Jonathan Curry,28.0,Andersonburgh,28.0
Thomas Hogan,31.0,South Nicoleburgh,31.0
Jamie Williams,59.0,Myershaven,59.0
Sarah Price,47.0,Lake Elizabeth,47.0
Lisa Dixon,51.0,North Laurieberg,51.0
Aaron Ross,42.0,East Jacobborough,42.0
Tina Torres,56.0,North Cameronbury,56.0
Marie Ortiz,57.0,Josephbury,57.0
Jimmy Huber,44.0,Lake Lindsay,44.0
Steve Macias,45.0,Wallerport,45.0
Christopher Chen,43.0,New Kaitlinville,43.0
Robert Norris,30.0,Fostermouth,30.0
Michael Johnson,19.0,Davidfort,19.0
Ann Rodgers,30.0,South Manuelborough,30.0
Tracy Smith,39.0,Shellyview,39.0
Patrick Houston,26.0,Meadowsburgh,26.0
Gerald Gill,54.0,Alanhaven,54.0
Kevin Rose,27.0,Salazartown,27.0
Brandon Wade,25.0,East Sherry,25.0
Dana Evans,19.0,South Melinda,19.0
Michael Evans,18.0,South Angela,18.0
Shaun Le,29.0,Jonbury,29.0
Ashley Hutchinson,58.0,East Amber,58.0
Shawn Hurst,21.0,Gibsonbury,21.0
Carolyn Jensen,52.0,Port Melissa,52.0
Kayla Rivera,34.0,Port Christopher,34.0
Joseph Pope,19.0,South Gabrielle,19.0
Michaela Guzman,39.0,South Amandabury,39.0
Crystal Wilson,36.0,Dennisland,36.0
Angel Combs,29.0,Lake Kaylamouth,29.0
Hannah Sparks,40.0,South Robertberg,40.0
Scott Wilson,60.0,Mendezfurt,60.0
Susan Green,32.0,East Heathermouth,32.0
Charles Gutierrez,46.0,South Marissa,46.0
Rachel Brady,47.0,Richardburgh,47.0
Brittany Parks,27.0,New Taylor,27.0
Joshua Mann,31.0,New Shannon,31.0
Gail Williams,33.0,Michaelton,33.0
Rodney Little MD,44.0,Barnesbury,44.0
Robert Frazier,47.0,Alexaburgh,47.0
Mark Tran,56.0,Caseyville,56.0
John Estrada,60.0,New Donna,60.0
Ryan White,36.0,West Denise,36.0
David Clark,47.0,Scottville,47.0
Sabrina Simpson,23.0,Sandraberg,23.0
Holly Strickland,19.0,Rogerport,19.0
Nicole Russo,54.0,Fosterbury,54.0
Sara Daniels,40.0,Lake Bethanymouth,40.0
Austin Mcmillan,50.0,South Gregorystad,50.0
Jack Humphrey,47.0,South Erin,47.0
Alicia Richards,53.0,South Kevin,53.0
Susan Grimes,44.0,Stewartborough,44.0
Daniel Williams,49.0,Ortegaville,49.0
Jessica Morrison,38.0,Lake Grant,38.0
Kim Jimenez,56.0,Levineberg,56.0
Joseph Kemp,35.0,North Angela,35.0
David Peterson,53.0,East Nancy,53.0
Dwayne Murillo,41.0,Kennedystad,41.0
Aaron Mcintosh,58.0,Hensleyville,58.0
Justin Sheppard,26.0,Sheltonville,26.0
Jennifer Eaton,51.0,North Michelle,51.0
Curtis Diaz,54.0,Lake Jeremy,54.0
Erika Cruz,30.0,South Elijahville,30.0
Ashley Bruce,28.0,West Jose,28.0
Misty Rivera,18.0,Lake Gregory,18.0
Shelley Richard,18.0,Brandyburgh,18.0
Joshua Saunders,22.0,Randyberg,22.0
Jared Wallace,38.0,East Robinville,38.0
Mr. Andrew Allen,20.0,New James,20.0
Elizabeth Brown,43.0,Moodyberg,43.0
Vincent Brown,40.0,New Juan,40.0
Jennifer Bruce,45.0,Jenniferfurt,45.0
Matthew Nelson,56.0,New Mariahaven,56.0
Krista Walter,52.0,East William,52.0
Reginald Perry,35.0,Cortezchester,35.0
Shannon Mcintyre,46.0,Timothyshire,46.0
Julia Fox,23.0,South John,23.0
Stephanie Holmes,50.0,South Krystal,50.0
Jennifer Smith,36.0,North Erin,36.0
Patricia Alvarez,36.0,Danielsfort,36.0
Amanda Cruz,37.0,Schneiderland,37.0
James Porter,23.0,West Charles,23.0
Karen Walters,51.0,South Jessicaview,51.0
Robin Johnson,49.0,East Theresa,49.0
Jason Castro,25.0,North Laura,25.0
Katelyn Moore,19.0,Morganburgh,19.0
Chelsea Coleman,58.0,Charlesport,58.0
Javier Brandt,54.0,North Gabrielstad,54.0
Zachary Gallagher DVM,31.0,Danielleshire,31.0
Alison Arias,30.0,Samueltown,30.0
Robert Savage,20.0,South Annastad,20.0
Francisco Williams,52.0,Port Darlene,52.0
David Wolfe,55.0,Donaldland,55.0
Monica Watson,33.0,Sandrashire,33.0
Joseph Gray,50.0,Brittanytown,50.0
Derrick Morrison,58.0,Lake Jennifer,58.0
Cindy Morrow,34.0,Douglasstad,34.0
Connie Williams,41.0,Mitchellville,41.0
Hailey Burgess,56.0,Molinamouth,56.0
Robert Foster,31.0,Lake Alexandra,31.0
Robin Morgan,18.0,Leemouth,18.0
Steven Oliver,55.0,Melanieport,55.0
Joseph Barnes,18.0,Kingland,18.0
Sarah Richardson,36.0,New Leslieborough,36.0
John Gonzales,36.0,Port Mariestad,36.0
Barbara Hayes,29.0,New Lisa,29.0
Vicki Long,58.0,West Yvonneland,58.0
Carla Miller,47.0,Port Kathy,47.0
Paul Torres,53.0,Scottton,53.0
Erica Burton,60.0,Estradamouth,60.0
Lisa Cordova,46.0,Brandonville,46.0
Julia Bowman,29.0,Jessicahaven,29.0
Matthew Hart,49.0,North Todd,49.0
Cindy Sanchez,41.0,Glennstad,41.0
Stephanie Castro,25.0,Winterston,25.0
Isaiah Matthews DVM,20.0,Lake Allisonland,20.0
Ryan Rivera,20.0,Port Christinetown,20.0
Jose Russell,50.0,Collinsmouth,50.0
Brittany Murphy,26.0,Smithville,26.0
Sandra Manning,24.0,Wendyview,24.0
Andrea Pacheco,24.0,Port Anthonymouth,24.0
Melissa Duncan,26.0,Morrisside,26.0
Christopher Dean,43.0,Colemanchester,43.0
Susan Prince,24.0,Gordonport,24.0
Keith Garcia,46.0,New Janetview,46.0
Christopher Walker,58.0,South Samuelmouth,58.0
Stephen Davis,39.0,Tranburgh,39.0
Mary Gross,23.0,Bergerchester,23.0
Sherri Jenkins,22.0,Rosestad,22.0
Craig Cox,31.0,West Lauren,31.0
Michael Carter,40.0,New Luis,40.0
Judy Miller,19.0,New Krystalberg,19.0
Ryan White,36.0,Lake Angelaton,36.0
Pamela Green,58.0,South Heathermouth,58.0
Gary Williams,27.0,West Jillport,27.0
Gabriel Reed,60.0,West Stephanie,60.0
Gregory Graham,50.0,Harveytown,50.0
Christopher Park,24.0,South Summerport,24.0
Patrick Bush,45.0,Lake Cynthiaborough,45.0
Misty Long,58.0,Kevintown,58.0
Robin Harvey,41.0,Brettberg,41.0
Daniel Dickerson,18.0,Stevenville,18.0
Amanda Vazquez,36.0,Richardsonfurt,36.0
Patricia Duran,50.0,North Michael,50.0
Maria Davis,42.0,East Anthony,42.0
Jeffrey Lester,52.0,Kaylaberg,52.0
Kari Navarro,47.0,Wangville,47.0
Brandi Mason,42.0,Lake Lauriemouth,42.0
Noah Joseph,46.0,New Jennifer,46.0
Ronald Ortiz,54.0,South Samantha,54.0
Lori Ellis,53.0,Lake Phillip,53.0
Patricia Stewart,43.0,Lauramouth,43.0
Lauren West,41.0,Lake Tiffanyborough,41.0
Bradley Harris,52.0,Denisestad,52.0
Laura Carlson,34.0,Maryburgh,34.0
Andrew Allen,26.0,North Dawnburgh,26.0
Kevin Campbell,21.0,West Brittany,21.0
Scott Holt,44.0,East Kaylaton,44.0
Sandra Baker,43.0,Reyesfurt,43.0
Chelsea James,57.0,West Robert,57.0
Beverly Mack,20.0,North Erictown,20.0
Anthony Silva,49.0,East Angela,49.0
Stephen Schroeder,60.0,South Kristachester,60.0
Craig Reeves,55.0,Ellisonhaven,55.0
Amy Gardner,25.0,Whitneyborough,25.0
Timothy Gonzalez,23.0,Cherylmouth,23.0
Thomas King,33.0,Freemanport,33.0
Amanda Ross,29.0,Fryeside,29.0
Katie Howell,51.0,Victoriafurt,51.0
Olivia King,46.0,South Raymondbury,46.0
Teresa Allen,55.0,West Tannerton,55.0
Marissa Sanchez,57.0,North Staceyton,57.0
Beth White,24.0,East Jerryville,24.0
Ashley Richardson,43.0,Sarahport,43.0
Michelle Goodman,28.0,Port Dominiqueport,28.0
Megan Petersen,52.0,Ronaldfort,52.0
Anthony Perry,20.0,Alvaradohaven,20.0
Dale Black,54.0,Ricemouth,54.0
Sandra Little,19.0,Jamiefort,19.0
Angela Fernandez,45.0,East Philipberg,45.0
Michael Bryant,25.0,Oneillland,25.0
Devin Doyle,49.0,North Marisaville,49.0
Michael Reed,24.0,Cruztown,24.0
Jonathan Smith,53.0,Ibarraview,53.0
Patrick Tanner,40.0,Gregorystad,40.0
Ashley Douglas,27.0,New Roger,27.0
Teresa Mcknight,34.0,East Brandon,34.0
Blake Smith,24.0,Randychester,24.0
Susan Gordon,52.0,North Andrewshire,52.0
Robert Henry,43.0,Lisaside,43.0
Teresa Rodriguez,43.0,Richardsonmouth,43.0
Adam Little,58.0,Lake Gabrielle,58.0
John Hernandez,37.0,East Manuel,37.0
Denise Rivera,49.0,Lake Jacobside,49.0
Travis Miller,24.0,South Barbara,24.0
Ronald Logan,51.0,Wallaceton,51.0
Melissa Ramos,38.0,New Jessefurt,38.0
Nathan Myers,19.0,Vanessaberg,19.0
Michael Willis,39.0,East Joanport,39.0
Bobby Hernandez,25.0,Lake Stephaniehaven,25.0
Shawn Cochran,27.0,New Aaron,27.0
Theresa Bradford,42.0,North Andrea,42.0
Nicole Smith,36.0,Michellechester,36.0
Kathleen Perez,41.0,Lake Jerry,41.0
Erica Smith,42.0,Robertchester,42.0
Casey Ross,38.0,Port Mary,38.0
Karen Smith,39.0,West Tina,39.0
Colton Thompson,24.0,Colleenshire,24.0
Thomas Mcdaniel,20.0,North Carlos,20.0
Joseph Boyer,41.0,Garciaberg,41.0
Rebecca Spencer,43.0,Lake Jordan,43.0
Dylan Ramirez,53.0,Masonton,53.0
Ashley Wells,39.0,Carrillomouth,39.0
Kevin Carter,51.0,Harrisview,51.0
Charles Smith,55.0,South Elizabethside,55.0
Paul Alvarez,20.0,Johnsonburgh,20.0
Anna Rice,21.0,Port Nicole,21.0
Jamie Yates,43.0,West Seanton,43.0
Michael Mitchell,58.0,Colemanberg,58.0
Maria Bolton,56.0,New Jack,56.0
Nicole Garcia,60.0,Port Rebeccafurt,60.0
John Pitts,51.0,Lake Josephmouth,51.0
Jane Owens,32.0,Anthonyview,32.0
Frank Nixon,39.0,North Christopherland,39.0
Mariah Villarreal,48.0,Wallaceborough,48.0
Hannah Jackson,18.0,Brownstad,18.0
Mr. Phillip House,53.0,Aguirreport,53.0
Angela Knight,38.0,New Austinmouth,38.0
Kim Davis,25.0,Woodsmouth,25.0
Patricia Jones,44.0,Richardburgh,44.0
Andrea Edwards,20.0,North Danielleborough,20.0
Kathryn Li,50.0,Romeroburgh,50.0
Jessica Cuevas,24.0,Davidfort,24.0
Tracy Taylor,58.0,West Vanessatown,58.0
Brittany Waters,36.0,Lake Susanshire,36.0
Mrs. Kimberly Adams,51.0,South Carolinestad,51.0
Toni Lane,46.0,East Jeffrey,46.0
Michael Nolan,31.0,Port Connie,31.0
Christopher Duarte,52.0,Nancychester,52.0
Kimberly Perkins,49.0,Lake Brian,49.0
Dr. Logan George,23.0,Danielbury,23.0
Rachel Rodriguez,42.0,Lake Karenside,42.0
Dr. Lawrence Patterson,23.0,Christinabury,23.0
Katherine Black,33.0,Teresashire,33.0
Sandra Morton,24.0,Port Joseph,24.0
Oscar Bond,41.0,North Colleenside,41.0
Andrea Jackson,23.0,Harveyland,23.0
Lisa Davis,43.0,Woodsbury,43.0
Richard Reed,60.0,West Laura,60.0
Justin Stevenson,58.0,East Davidville,58.0
David James,60.0,Garciahaven,60.0
Robert Baker DDS,60.0,Josephport,60.0
David Rush,32.0,Roberthaven,32.0
Thomas Compton,22.0,West Andrew,22.0
Leslie Scott,18.0,South Meganburgh,18.0
Luis Pruitt,29.0,North Katrinaton,29.0
Vincent Mccoy,42.0,East Danielview,42.0
Thomas Velasquez,46.0,Port Erika,46.0
Brandy Cordova,25.0,Willieville,25.0
Dawn Frey,31.0,South Johnland,31.0
Hunter Gonzales,19.0,South Alec,19.0
Eric Moore MD,50.0,Mooremouth,50.0
Jared Gibson,54.0,West Shannonview,54.0
Brandon Williams,38.0,Mcneilhaven,38.0
William Richardson,52.0,Jonesmouth,52.0
Jessica Lawson,44.0,New Carriefurt,44.0
Christopher Jackson,19.0,Lake Bryanbury,19.0
Justin Zhang,23.0,East Mario,23.0
Adam Morales,27.0,West Ariel,27.0
Justin Hughes,20.0,Cranefort,20.0
Eduardo Wright,45.0,Foxburgh,45.0
James Mason,36.0,North Elizabeth,36.0
Paul Romero,23.0,Port Darrellberg,23.0
Dawn Smith,20.0,North Debramouth,20.0
Laura Rivers,44.0,West Autumnberg,44.0
Laura Sanchez,35.0,Millerview,35.0
Joseph Campbell,37.0,New Larry,37.0
Adrian Dean,37.0,Lake Gregoryton,37.0
Christopher Owens,28.0,Port Derrickland,28.0
Paige Hunt,58.0,Port Ericborough,58.0
Kathryn Gordon,34.0,West Kristyland,34.0
Edward Welch,23.0,Barnettland,23.0
Caleb Kelley,38.0,Lake Renee,38.0
Joshua Stark,28.0,North Williamside,28.0
Jennifer Carpenter,60.0,South Teresachester,60.0
Emily Harris,37.0,Jamesburgh,37.0
Robert Thomas,50.0,Barnesberg,50.0
Willie Robinson,28.0,Lake Deborahtown,28.0
Daniel White,26.0,East Tamarashire,26.0
Amanda Tapia,38.0,South Maria,38.0
Angel Fuentes,41.0,New Davidhaven,41.0
Tim Ward,21.0,Port Graceshire,21.0
Laura York,27.0,Lake Brett,27.0
Jeffrey Jones,18.0,Donaldfurt,18.0
Lawrence Williams,52.0,South Christopher,52.0
Joseph Clark,46.0,West Tammy,46.0
Richard Moore,57.0,Lopezstad,57.0
Joshua Knight,52.0,Sandersberg,52.0
Luis Mann,22.0,Lake Jennifer,22.0
Joshua Bridges,57.0,Romerostad,57.0
Ryan Jimenez,18.0,New Jamie,18.0
Stefanie Smith,29.0,East Elizabethbury,29.0
Sandra Bailey,24.0,Martinland,24.0
Elaine Lyons,49.0,East Diane,49.0
Desiree West,58.0,Mauriceport,58.0
Nathan Woods,28.0,Kristinaborough,28.0
Kathryn Watson,20.0,South Matthew,20.0
Larry Peterson,50.0,Patriciastad,50.0
Nicole Sims,20.0,Mcdonaldborough,20.0
Eric Schneider,57.0,Smithtown,57.0
James Wilson,22.0,Robertsside,22.0
Connie Norris,51.0,Maldonadoland,51.0
Debra Day,23.0,Javierland,23.0
Linda Ortega,28.0,Port Vincent,28.0
Jonathan Dudley MD,40.0,West Peterland,40.0
Edward White,56.0,East Lisahaven,56.0
Johnathan Stuart,33.0,Lake Ginaberg,33.0
Patrick Gross,60.0,Jamiestad,60.0
Breanna Martinez,26.0,Kelliberg,26.0
Caleb Hodges,49.0,Jameston,49.0
Dustin Simpson,59.0,Elizabethmouth,59.0
Jackie Mcdonald,53.0,Jonathanchester,53.0
Amanda Callahan,36.0,New Jason,36.0
Adam Chapman,58.0,Lake Nicole,58.0
Jason Morgan,29.0,Gardnerville,29.0
Russell Bush,44.0,Johnchester,44.0
Lucas Jones,34.0,New Theresa,34.0
Michelle Young,30.0,South Brettshire,30.0
Kevin George,58.0,Samuelbury,58.0
Juan Finley,49.0,Danielborough,49.0
Patrick Anderson,37.0,Jacobsbury,37.0
Timothy Nichols,39.0,Justinfort,39.0
Chelsea Dawson,24.0,New Erinland,24.0
Shawna Murray,56.0,Reginaldborough,56.0
Michael Smith,32.0,Evansburgh,32.0
Bryan Murray,28.0,Kingshire,28.0
Sherry Sutton,54.0,Elliottton,54.0
Luke Smith,30.0,West Ronaldmouth,30.0
Jeffery Powell,41.0,Bryanland,41.0
Todd Robinson,34.0,Stephensonton,34.0
Jim Martinez,19.0,East Stephanieton,19.0
Jeremy Mills,60.0,Jenningsmouth,60.0
Kathryn Walsh,57.0,Port Kimberlyborough,57.0
Spencer Campbell,57.0,Joneston,57.0
Juan Ramos,43.0,Port Christopherbury,43.0
Robert Walsh,56.0,Willisberg,56.0
Brian Hughes,55.0,North Nathanielview,55.0
Kelly Andrews,54.0,Michelleland,54.0
Samantha Schneider,33.0,East Timothyview,33.0
Lindsay House,19.0,Huntshire,19.0
Nicole Meyer,46.0,East Sherryland,46.0
Mike Smith,29.0,East Roberto,29.0
Jeffrey Tucker,27.0,Macdonaldmouth,27.0
Connie Brewer,24.0,North Susan,24.0
Heather Jones,36.0,New Jennifer,36.0
Gabrielle Pennington,41.0,Port Michellemouth,41.0
Eduardo Roberts,48.0,North Noahstad,48.0
Jeremiah Jones,56.0,Webbville,56.0
Nathan Aguilar,48.0,Jamesport,48.0
Edward Valenzuela,32.0,Matthewland,32.0
Mary Flores,32.0,Sparksstad,32.0
Timothy Guzman,26.0,Adamsburgh,26.0
Jack Alexander,19.0,Murrayfurt,19.0
Jennifer Rios,23.0,Patrickport,23.0
Holly Lawrence,42.0,Lake Stephanie,42.0
Wendy Chavez,48.0,Laurachester,48.0
Joseph Newman,39.0,Port Michaelville,39.0
Lauren Olsen,36.0,New Thomas,36.0
Cindy Pennington,34.0,Holmestown,34.0
Mark Diaz,29.0,West Anthonyborough,29.0
Jacqueline Oneal,43.0,East Jeff,43.0
Tiffany Burton,18.0,Kaylashire,18.0
Courtney Clark,28.0,South Rachel,28.0
Sean Allen,45.0,Alexhaven,45.0
Kathy Guzman,50.0,Jeremiahshire,50.0
Clarence Jones,33.0,North Kevin,33.0
Lisa Payne,53.0,Lorifurt,53.0
Karen Patterson,19.0,Stevensside,19.0
Robert Pratt,27.0,Davidview,27.0
James Rush,25.0,Lake Ashley,25.0
Kenneth Johnson,56.0,Johnsonmouth,56.0
Justin Fleming,56.0,Joshuachester,56.0
Daniel Rodgers,27.0,Ryanshire,27.0
Valerie Garner DDS,30.0,Johnsonfort,30.0
Jennifer Espinoza,34.0,Fieldsmouth,34.0
Melissa Kim,43.0,South Amy,43.0
Robert Dillon,43.0,Josephview,43.0
Eric Smith,30.0,Lake Brian,30.0
Jeremy Duffy,41.0,North Juliestad,41.0
Erika Mcgee,29.0,Colechester,29.0
Tammy Alvarado,57.0,New Andrewbury,57.0
Sabrina Davis,49.0,Lake Heatherland,49.0
Amy Graham,55.0,South Teresa,55.0
Kenneth Perez,53.0,Davidbury,53.0
Sierra Garcia,51.0,Burketown,51.0
Robert Lloyd,36.0,North April,36.0
Lindsay Henry,60.0,Gomezmouth,60.0
Diana Browning,43.0,Port Johnathanhaven,43.0
Carlos Leonard,23.0,Piercefort,23.0
Dylan Allison,59.0,Lake Veronica,59.0
Adriana Simmons,57.0,Johnland,57.0
Melissa Murphy,52.0,Port Zachary,52.0
Bryan Fernandez,22.0,West Williamtown,22.0
Holly George,44.0,North Karentown,44.0
Sarah Mcguire,57.0,New Vanessastad,57.0
Amanda Green,46.0,North Brittney,46.0
Howard Hogan,30.0,South Ashleymouth,30.0
Karen Pham,59.0,Port Zachary,59.0
Sarah Schwartz,50.0,Christinaside,50.0
Michelle White,38.0,Jessicaborough,38.0
Joseph Mckay,24.0,Thomasmouth,24.0
Jessica Lutz,22.0,Lake Tracishire,22.0
Charles Hernandez,20.0,Amyview,20.0
Edwin Watts,53.0,Poolehaven,53.0
David Schaefer,53.0,North Jonport,53.0
Amanda Houston,43.0,Nelsontown,43.0
Diana Hall DDS,39.0,Port Carlton,39.0
James Myers,40.0,Pughside,40.0
Jeffrey Goodwin,28.0,Lake Kimberlyton,28.0
Katherine Williams,46.0,South Craigport,46.0
Michael Jones,52.0,West Brendan,52.0
Patrick Sparks,55.0,Jacksonhaven,55.0
Shannon Lee,47.0,New Davidborough,47.0
Miss Emily Lee,55.0,New Philip,55.0
Benjamin Keith,52.0,Shirleyton,52.0
Elizabeth Miller,31.0,New Susan,31.0
Ruth Duncan,34.0,North Julie,34.0
Kevin Williams,29.0,New Denise,29.0
Jacob Russell,33.0,New Joanna,33.0
Jill Brewer DVM,45.0,New Melissatown,45.0
Joel Faulkner,44.0,Hernandezburgh,44.0
Daniel Wilkins,37.0,West Bryanside,37.0
Malik Giles,50.0,Robertside,50.0
Robert Jones,46.0,Jasonport,46.0
Angela Horton,59.0,Josephland,59.0
Jerry Meza,44.0,Port Codyberg,44.0
Laura Pierce,19.0,North Steven,19.0
Krystal Weaver,59.0,Lake Nicolemouth,59.0
Elizabeth Christian,39.0,North Charlesland,39.0
Melissa Shelton,35.0,Christopherfort,35.0
David Simon,22.0,New Jackieside,22.0
Carolyn Phillips,43.0,South Laurenport,43.0
Don Smith,45.0,New Melissa,45.0
Jonathan Carlson,54.0,Woodfort,54.0
Patrick Jordan,57.0,Hollandview,57.0
Patrick Compton,44.0,Ericshire,44.0
Joseph Rodriguez,51.0,West Gerald,51.0
Hannah Grant,38.0,Carpenterville,38.0
Kevin Howell,52.0,East Carla,52.0
Cole Wolfe,46.0,New Carmenstad,46.0
Tyler King,19.0,East Amandatown,19.0
Amber Jackson,31.0,North Melaniefurt,31.0
Brendan Mejia,53.0,Port Marcus,53.0
Kevin Hunt,27.0,Johnbury,27.0
Katherine Sawyer,43.0,North Ianland,43.0
Kristin Lopez,48.0,Joshuashire,48.0
Amy Miller,58.0,New Stephenmouth,58.0
Christopher Turner,25.0,Gregoryland,25.0
Denise Jackson,58.0,East Jeffrey,58.0
Maria Gardner,28.0,East Steve,28.0
Annette Knight,25.0,West Jefferyfurt,25.0
Kevin Smith,46.0,South Spencerfurt,46.0
Tiffany Wagner MD,24.0,Douglasland,24.0
Katherine Martin,41.0,New Robert,41.0
Renee Hernandez,24.0,Allenland,24.0
Melissa Foster,42.0,Christensenview,42.0
Jennifer Hernandez,29.0,Adamburgh,29.0
Matthew Vasquez,30.0,Nicholasbury,30.0
Jasmin Clark,54.0,Shawnport,54.0
Daniel Martinez,56.0,West Tyler,56.0
Kyle Wade,47.0,Port Brianaborough,47.0
Thomas Ayala,21.0,Lewiston,21.0
Brittany Cabrera,46.0,South Alexandramouth,46.0
James Johnson,35.0,Jordanbury,35.0
Jeremy Anderson,55.0,Lake Kimberlymouth,55.0
Andrew Cross,36.0,Guerramouth,36.0
Morgan Goodman,46.0,North Jim,46.0
John Hill,40.0,Michealfurt,40.0
Michele Hoffman,56.0,Lake Coreyfurt,56.0
Joseph Kramer,55.0,South Kathleen,55.0
William Wilson,54.0,Fosterport,54.0
Linda Baker,43.0,New Melissastad,43.0
Christine Livingston,56.0,Henryview,56.0
Ronnie Scott,41.0,Elizabethport,41.0
Joel Powell,52.0,New Jeremyville,52.0
Kathleen Lucas,35.0,Barbaraport,35.0
Elizabeth Trevino,39.0,Shannonland,39.0
Bryan Beasley,40.0,Penafurt,40.0
Kathleen Trevino,31.0,Underwoodtown,31.0
Kimberly Ortiz,27.0,Garciafurt,27.0
Jennifer Perez,40.0,North Mariaville,40.0
Joshua Miller,41.0,New Stephanie,41.0
Tammy Stewart,53.0,East Michael,53.0
Jennifer Smith,60.0,Thomasberg,60.0
Maria Fry,50.0,New Jessicaborough,50.0
Mr. Wayne Reyes MD,58.0,Floreston,58.0
Alison Stephens,19.0,Brooksmouth,19.0
Brian Perkins,53.0,New Mindy,53.0
Timothy Barton,58.0,Alvaradoborough,58.0
Daniel Stevenson,19.0,Russellmouth,19.0
Amanda Cole MD,36.0,Richardchester,36.0
James Williams,46.0,Ruizstad,46.0
Benjamin Kennedy,51.0,Thomasshire,51.0
Amanda Patel,55.0,Jefferyport,55.0
Curtis Watson,22.0,West Mitchell,22.0
William Stewart,56.0,Rossland,56.0
Maria Guzman,34.0,Comptonburgh,34.0
Lori Smith,36.0,Port Keith,36.0
Samuel Elliott,49.0,Schneidershire,49.0
Natalie Thomas,19.0,Gonzalesbury,19.0
Robert Walter,51.0,Port Staceystad,51.0
Joseph Williams,30.0,South Stanleybury,30.0
Chase Moore,42.0,Lake Brian,42.0
Kathleen Phillips,27.0,Hobbschester,27.0
Sheila Hall,39.0,Fordshire,39.0
Daniel Ferguson,20.0,East Sheri,20.0
Ronald Mckenzie,34.0,Williamport,34.0
Shirley Rosales,28.0,Sarahstad,28.0
Willie Clark,24.0,South Dominiqueport,24.0
Cynthia Jenkins,24.0,Nancymouth,24.0
Michelle Johnson,47.0,Carrollview,47.0
Charles Clark,60.0,Carolinemouth,60.0
Henry Lozano,29.0,South Jenniferville,29.0
Jason Waters,59.0,Rhondaside,59.0
Douglas Bishop,29.0,North Jasonland,29.0
Tyler Williamson,42.0,East Stephen,42.0
James Mahoney,56.0,Jamesburgh,56.0
Carol George,31.0,Blaketon,31.0
David Espinoza V,28.0,New Chadview,28.0
Joshua Ingram,47.0,New Robert,47.0
Timothy Torres,46.0,Richardsontown,46.0
Michael Coffey,47.0,North Nathanport,47.0
Dana Obrien,46.0,West Caroline,46.0
Sheila Perez,30.0,West Holly,30.0
Phillip Carter IV,49.0,Odonnellville,49.0
Patrick Murphy,37.0,Pittmanville,37.0
Catherine Lopez,48.0,Port Joy,48.0
Sandra King,58.0,Port Theresaland,58.0
Anthony Burns,37.0,Martinezland,37.0
Sandra Jones,24.0,Wilsonchester,24.0
Jonathan Gonzalez,52.0,Lake Timothy,52.0
Heidi Elliott,35.0,Brianland,35.0
Tyler Crawford,55.0,East Jenniferborough,55.0
Cody Lambert,54.0,Port Cynthia,54.0
Stephanie Martin,53.0,Bradfordville,53.0
Victoria Nelson MD,42.0,Port Laurie,42.0
Gregory Ford,41.0,Pennyfurt,41.0
Candace Mccall,55.0,Montesport,55.0
Jacob Carr,25.0,South Kendramouth,25.0
Brandi Huang,19.0,Jimmyburgh,19.0
Virginia Trujillo,38.0,Michaelville,38.0
Julia Stout,60.0,South John,60.0
Jessica Thomas DDS,52.0,Louisview,52.0
Jeffrey Reyes,40.0,Lake Patriciamouth,40.0
Holly Stokes,21.0,Rogersview,21.0
Amy Tran,45.0,Buchananport,45.0
Anthony Suarez,24.0,South Ashleyport,24.0
William Fisher,39.0,Sierraton,39.0
Daniel Thompson,38.0,Amyhaven,38.0
Elizabeth Cook,40.0,Port Nataliefort,40.0
Cristina Gonzales,52.0,New Lawrenceton,52.0
Destiny Jenkins DDS,26.0,Graveston,26.0
John Kirby,40.0,East Sarah,40.0
Raymond Smith,42.0,East Hannah,42.0
Melissa Rivera,26.0,Morrisstad,26.0
Dennis Cortez,57.0,Lake James,57.0
Jasmine Boyd,29.0,Brucetown,29.0
Jessica Scott,23.0,Lake Katherinechester,23.0
Wyatt Perez,43.0,South William,43.0
Cynthia Thomas,59.0,Lake Christine,59.0
Nicholas Woodard,49.0,Brandontown,49.0
Jacqueline Davis,31.0,Montgomeryfurt,31.0
Stacey Hamilton,34.0,Joshuastad,34.0
Leah Johnson,46.0,Port Matthewland,46.0
Sabrina Wilcox,42.0,Coffeybury,42.0
Gregory Sandoval,44.0,North Monique,44.0
Alexandra Gomez,38.0,Port Samantha,38.0
Jose Rodriguez,40.0,New Douglasborough,40.0
Jared Gonzales,29.0,Robertview,29.0
Nichole Jackson,37.0,Port Michaelchester,37.0
Allison Jackson MD,46.0,Franciscoton,46.0
Jennifer Chambers,56.0,West Angelaville,56.0
Phillip Weber,53.0,South Angelica,53.0
Jamie Wilkinson,50.0,East Jessicatown,50.0
Austin Richardson,52.0,Smithfurt,52.0
Linda Bryant,25.0,Mortonshire,25.0
Kristina Nelson,55.0,Pruittfurt,55.0
Anna Alexander,22.0,Port Sarah,22.0
Thomas Martinez,50.0,Perkinstown,50.0
Travis Stokes,55.0,Heatherchester,55.0
Joshua Aguilar,23.0,New Toddside,23.0
Jeffrey Wilson,33.0,Mayotown,33.0
Ethan Spears,44.0,Lake Christophertown,44.0
Nichole Larson,58.0,North Zacharyside,58.0
Cynthia Campbell,49.0,Rollinstown,49.0
Brenda Wilkerson,38.0,North Kristin,38.0
Michael Matthews,46.0,Turnerhaven,46.0
Brianna Bennett,22.0,Vanceborough,22.0
Kayla Smith,42.0,Jessicaport,42.0
Patricia Phillips,60.0,Lake Annaberg,60.0
Belinda Carney MD,45.0,South Katelyn,45.0
Tiffany Howe,31.0,Port Madeline,31.0
William Jones,55.0,Tinafort,55.0
Richard Lee,46.0,Lake Marvin,46.0
Stephanie Gonzalez,24.0,Hernandezfort,24.0
William Schmidt,54.0,Howardton,54.0
Courtney Gonzalez,29.0,Lake Destiny,29.0
Gary Bullock,18.0,Blanchardside,18.0
Barbara Franklin,18.0,Andersonbury,18.0
Daniel Harris,57.0,New Roybury,57.0
Travis Brown,37.0,Roberttown,37.0
Ethan Schaefer,58.0,Jeffreytown,58.0
Crystal Smith,32.0,Derrickburgh,32.0
Charles Webb,23.0,Williamston,23.0
Amy Barnes,57.0,New Breanna,57.0
James Castro,42.0,Lake Jasonberg,42.0
Tammy Davis,40.0,Christensenberg,40.0
Patrick Barrett,21.0,West Carrie,21.0
Virginia Harris,54.0,New John,54.0
Kimberly Simpson,49.0,Jenniferburgh,49.0
Michael Nguyen,54.0,Kennedyfort,54.0
Richard Franklin,30.0,Danielview,30.0
Ryan Davis,24.0,Port Johnberg,24.0
Bryan Pham,25.0,North Michelleberg,25.0
Kimberly Jackson,49.0,Stacieview,49.0
Janice Gordon,18.0,Karenfort,18.0
Craig Robinson,31.0,Jessicachester,31.0
Susan Leon,42.0,East Thomastown,42.0
Bobby Wall,60.0,Jonathantown,60.0
Kelly Reyes,53.0,Spearsstad,53.0
Ronald Sanchez,20.0,Nathanielville,20.0
Ann Williams,59.0,Andreaview,59.0
Karen Scott,56.0,Griffinland,56.0
Taylor Williamson,43.0,Davidville,43.0
Sarah Moore,28.0,Deniseview,28.0
Angela Williams,26.0,Nicoleshire,26.0
Erica Oliver,54.0,East Tonyaview,54.0
Mason Henry,23.0,Baileyview,23.0
Joseph Brandt,41.0,Lake Steve,41.0
Benjamin Brooks,37.0,North Rebeccahaven,37.0
Edward Mullins,30.0,Clarkland,30.0
Anthony Soto,44.0,Dariuston,44.0
Kelsey Boyd,48.0,North Lisaton,48.0
Michael Hendricks,51.0,Andersonstad,51.0
Donald Rodriguez,59.0,North Bethville,59.0
Jessica Black,46.0,Christopherburgh,46.0
Kimberly Clark,25.0,Brownborough,25.0
Eric Spears,31.0,Kirbyport,31.0
Melanie Hudson,38.0,Port Waynefurt,38.0
David Liu,56.0,Brandonfort,56.0
Beverly Estrada,54.0,Morrisborough,54.0
Arthur Rodriguez,31.0,Blairborough,31.0
Brandon Clark,27.0,Lake Benjamin,27.0
Jennifer Wells,43.0,West Joyceberg,43.0
Mr. Robert Robinson MD,39.0,New Nicoleborough,39.0
Michelle Campbell,36.0,East Rebecca,36.0
Nathan Vazquez,32.0,East Dawnhaven,32.0
David Brooks,58.0,Salazarville,58.0
Peter Crane,35.0,Brianport,35.0
Diana Delacruz,39.0,Scottshire,39.0
David Nguyen,47.0,Christinamouth,47.0
Jon Gay,54.0,East Josephview,54.0
Marissa Roberson,30.0,East Michelle,30.0
Charles Baker,57.0,Lake Nichole,57.0
Courtney Hardin,20.0,Yumouth,20.0
Kristin Jones,46.0,Jamesberg,46.0
Joseph Fields,26.0,North Sarahbury,26.0
Danielle Tran,56.0,New Scott,56.0
Peggy Huerta MD,33.0,North Alyssa,33.0
Laura Cunningham,47.0,Lindastad,47.0
Michelle Harris,48.0,East Phyllisbury,48.0
Kenneth Johnson,35.0,Port Jake,35.0
Kristina Jones,42.0,Jacobberg,42.0
Christopher Flores,53.0,North Douglas,53.0
Dylan Taylor,50.0,West Alexis,50.0
Roberto Myers,18.0,North Jeremy,18.0
Cheryl Benson,48.0,Stevenfort,48.0
Beverly Brown,33.0,Lake Billy,33.0
Cathy Mendoza,25.0,North Jenniferton,25.0
Gabriel Combs,32.0,Debraberg,32.0
Jeffery Jenkins,42.0,East Zachary,42.0
Brenda Washington,55.0,Ryanborough,55.0
Jeremy Patrick,27.0,North Jillborough,27.0
Melinda Davis,40.0,Mclaughlinburgh,40.0
Julie Tucker,39.0,Allenville,39.0
Seth Oliver,58.0,East Kyle,58.0
Angela Lucas,23.0,Lake Donald,23.0
Pamela Romero,57.0,Cassandraside,57.0
Matthew Gonzales,23.0,Sanchezhaven,23.0
Darren Cook,29.0,Troystad,29.0
Tammy Lopez DVM,46.0,Angelaburgh,46.0
Teresa Bowen,43.0,Davidfurt,43.0
Lisa Barber,35.0,Johnmouth,35.0
Kyle Aguilar,22.0,Lake Alexandraburgh,22.0
Rachel Sexton,44.0,Lake Lonnieport,44.0
Justin Villanueva,31.0,West Teresaton,31.0
Holly Zimmerman,25.0,Sancheztown,25.0
Gary Edwards,29.0,South Julia,29.0
Amber Nichols,35.0,West Brittanyberg,35.0
Jorge Gutierrez,55.0,Lake Kristinamouth,55.0
Seth Edwards,20.0,South Douglas,20.0
